"","B cells naive","B cells memory","Plasma cells","T cells CD8","T cells CD4 naive","T cells CD4 memory resting","T cells CD4 memory activated","T cells follicular helper","T cells regulatory (Tregs)","T cells gamma delta","NK cells resting","NK cells activated","Monocytes","Macrophages M0","Macrophages M1","Macrophages M2","Dendritic cells resting","Dendritic cells activated","Mast cells resting","Mast cells activated","Eosinophils","Neutrophils","P-value","Correlation","RMSE"
"GSM1480043",0,0.00342793321608133,0,0,0,0.150008439593306,0,0,0.0266486473022099,0.0113417044633176,0.0548581203297251,0.00851353882751769,0.399444197386124,0.00854517267078635,0.0684579264028766,0.180789340607791,0,0,0.0713632510142057,0,0,0.0166017281860579,0.099,0.107314517664347,1.06530748167956
"GSM1480044",0,0.00700891896204056,0,0,0,0.113501400171805,0.00528075115412872,0,0.0211935371327551,0,0.140249545181427,0.0718104200800692,0.0748598874197654,0,0.00875380197747213,0.427130852676093,0,0.00667781228744876,0.114478161681201,0,0,0.00905491127579502,0.096,0.11089433063256,1.06208789822941
"GSM1480045",0,0,0.00047686092244591,0,0,0.156831787952563,0.00134109414827346,0,0.00640636892074692,0.0333905495538886,0.258056588575353,0.091895169004329,0.072356256317517,0,0.0202052980659505,0.189695084014972,0,0,0.16934494252396,0,0,0,0.015,0.210990387552028,1.03898700911237
"GSM1480046",0.00628140432782901,0.00122566286323715,0,0,0,0.0591790560320671,0.016269790378706,0,0.0378579701981388,0,0.200640593162358,0.134054018447709,0.197010478881543,0.0365094583453676,0.0114320806105898,0.143332215575111,0,0.00374238245426838,0.136923037233546,0,0,0.0155418514895283,0.027,0.192432885967567,1.04105345118836
"GSM1480047",0.00512129449417015,0,0,0,0,0.148356035985668,0.0111882230514605,0,0.0160751786295976,0,0.184335678329815,0.120374120217707,0.1632153808719,0.0172590008926903,0.0135286824198273,0.158830055660386,0,0,0.161716349446779,0,0,0,0.012,0.220569273672103,1.01946340855195
"GSM1480048",0.00473447632252751,0,0,0.030001519684469,0,0.135504753092069,0.00955925934598793,0,0.0153711162417855,0.0123103932611446,0.16913608498306,0.00491337712133574,0.291453619559916,0.0607610993795132,1.822100591831e-05,0.0612818744932887,0,0.026178484000294,0.0778179192586322,0,0,0.100957802250058,0.0629999999999999,0.141785113575846,1.04991672624486
"GSM1480049",0.0139712512457077,0.0176422195477002,0,0,0.0318162945158289,0.127302420590175,0.000296417074137445,0,0.0460303512101453,0.0904417888040785,0.113577420247338,0.0116451030705235,0.259524116197139,0.0394464710280161,0.00651789363138585,0.074367004429501,0,0.0064904396154979,0.0790402860300318,0,0,0.0818905227627942,0.001,0.443118959029568,0.896238045502677
"GSM1480050",0.0104989411496013,0,0,0.0694657431086721,0,0.16297463802474,0.0449041595961195,0,0.0268925526974721,0,0.222502718765766,0.0285074464248025,0.21548224866268,0,0.0330808899351171,0.0677185998919372,0.00454296962646773,0,0.113429092116625,0,0,0,0.005,0.292869640980593,0.976587459848829
"GSM1480051",0.00322609624625254,0.00275687863109306,0,0.0229569890519773,0.0727421871906614,0.0301119711390273,0.012579572827828,0,0.00735977288925428,0.00955629381268151,0.11401549335594,0.0353682735740839,0.360871847774099,0.0254321435544858,0.0112590437878812,0.15074359115862,0,0.015353055782296,0.104489460353041,0,0,0.0211773288707779,0.018,0.203434814286696,1.01676644065764
"GSM1480052",0.00705960521264061,9.7125843176179e-05,0,0,0.0408804279319845,0.10870309760299,0,0,0,0.035027467385212,0.10565680538439,0,0.43415889400466,0.0623717929643578,0,0.0373793092961898,0,8.47639975610622e-05,0,0,0,0.168580710376838,0,0.661575274585141,0.751469460633291
"GSM1480053",0.0102564503838051,0,0,0.0100224514412323,0.05081139668352,0.0747687443842816,0.0219813666921748,0,0.0273082821182205,0,0.20414418878237,0.0142928575011327,0.297628558314846,0.0151467475111093,0.0103797458975056,0.100880459736889,0,0.00401470551614253,0.105419384805616,0,0,0.0529446602311538,0.002,0.370772504242924,0.934707351107434
"GSM1480054",0.0181825371816039,0,0,0.0383454399830194,0.0470352509821829,0,0.00989135462312709,0,0.00113831275862644,0.00279582762127988,0.178930562525402,0,0.463362944780071,0.0256394350318431,0.00530393640963721,0.0734475829658822,0,0,0.0108715398528798,0,0,0.125055275284445,0,0.530379122447052,0.849450507413444
"GSM1480055",0.0085930060211373,0,0,0,0,0.15230515781152,0.0220156496754864,0,0.0305584458166678,0.0417124684339691,0.256436527880099,0,0.252383920517059,0,0.0179190890004676,0.113669141242599,0,0.00163513014600494,0.0955765331377898,0,0,0.00719493031720001,0.00800000000000001,0.249836417001082,0.999811682633173
"GSM1480056",0.00621826273702451,0,0,0.029327491820992,0,0.17361022073121,0.00120842208271456,0,0.0529396622699121,0,0.080428937024807,0.0627141677343436,0.323088581746589,0.0217802207476672,0.0168469067279113,0.147798497670965,0,0,0.084038628705864,0,0,0,0.049,0.159229320751323,1.0324498894455
"GSM1480057",0.0123722922082649,0,0,0.102064617462846,0.0718290994093044,0,0.049341758741098,0,0.025841473646489,0,0.172167655081503,0,0.29553915568827,0.0751537340089743,0.00645979400326671,0.109264276045926,0,0.00489557693964909,0.0104004754068975,0.00446252631496206,0,0.0602075650425496,0.002,0.34247646885193,0.950128843814383
"GSM1480058",0.00828284152543036,0,0,0.0620783059053306,0.0248362257096681,0.0458700958192572,0.0148789756079806,0,0.025541692476042,0,0.131592301316897,0.126350795646153,0.0488627928888207,0.0664756126984887,0.0339451541882467,0.239159006510278,0.00284549453305674,0,0.16928070517435,0,0,0,0.00800000000000001,0.243366825645981,1.0031331203643
"GSM1480059",6.79302449908316e-05,0,0,0,0,0.0528171533020763,0.00417354711339971,0,0.0321925711256744,0,0.159443303872016,0.0433170978365183,0.26393201567493,0,0,0.320336448607846,0,0.00964863243323927,0.114071299789309,0,0,0,0.053,0.151975934959281,1.04395378122205
"GSM1480060",0,0,0.00101742977178879,0.0851366249660831,0,0.0857339538261883,0,0.0260916973433619,0,0.00375282643700971,0.102048484269016,0.0823141001313761,0.0997020427246457,0,0.0181513244529216,0.387615777581042,0,0.0454493783917254,0.0629863601048419,0,0,0,0.00600000000000001,0.274388306911343,0.982487580587391
"GSM1480061",0.0122363705543021,0,0,0.0227891042875189,0,0.31990193874618,0.000676549388810493,0,0.0321600259965789,0,0.135381428381298,0.00391387511067239,0.00502785258566937,0,0.0194958055415993,0.352631944483401,0,0.0130320800629619,0.0827530248610083,0,0,0,0.152,0.0857867628371202,1.06202669359391
"GSM1480062",0,0.00296094860358621,0,0.0626712068135251,0,0.202754165810896,0.00486688976830262,0,0.0539608652343057,0,0.136262297478867,0.0419565259998347,0.14323851677558,0,0.0121066084126228,0.241780630909195,0,0.00479242575506394,0.0926489184382209,0,0,0,0.13,0.0948339544037962,1.05805539908114
"GSM1480063",0.0239347373844053,0,0,0,0.0044862740181924,0.111929369987283,0.0550931694102303,0,0.0250920935862984,0.0312526464278472,0.241226847455659,0,0.382123373844308,0,0,0.0783660167394964,0,0.0031417382771452,0.0275683885045977,0.00111825197899006,0,0.0146670923855479,0.072,0.131772952785744,1.06746076958037
"GSM1480064",0,0,0,0.013081233660879,0,0.101913817939852,0,0,0.015428020455526,0,0.249197042653989,0.0126565921822723,0.218558642512536,0.00145743813207395,0.0217790155219745,0.212491931705782,0,0.0284492944917849,0.12498697074333,0,0,0,0.04,0.167460189982167,1.03421353713801
"GSM1480065",0.0163764884630104,0,0,0,0,0.0622630025695293,0.0158805085295717,0,0.0132196011171127,0.0574293854946557,0.173660532996986,0.0372316674299938,0.31403658014514,0.0857877206852832,0.00656771417809258,0.103305777225127,0,0.00467355855412902,0.0972693111421551,0,0,0.0122981514692123,0.094,0.113850993317729,1.06550896511707
"GSM1480066",0.00077194049547692,0,0,0.0123785442893333,0,0.16592710122053,0.00325630652741785,0,0.027009820781917,0,0.111429495116321,0.155785210233064,0.0780734905399211,0,0.0612161402696531,0.245012346216444,0,0,0.139139604309922,0,0,0,0.005,0.297339704785544,0.977726683419963
"GSM1480067",0.0155792739861676,0,0,0.0198853560773363,0,0.251304426172553,0,0,0.0048208797085468,0,0.092554434712268,0.0098498148539869,0.222061230599167,0,0.0198884004395613,0.221745688908626,0,0.0173826445831502,0.124478482668126,0,0,0.000449367290510968,0.052,0.155306409348193,1.02372016380441
"GSM1480068",0.00648721155987687,0,0,0.0115594373814049,0,0.253056514744155,0,0.0358751940066764,0.00752387523735528,0.0715863196433801,0.0891864761326538,0,0.0537785474783134,0,0.0363097606188806,0.206341278932178,0,0.00237977788908336,0.225915606376042,0,0,0,0.012,0.220183293390552,1.00002917764289
"GSM1480069",0.00644503874836202,0,0,0.0330200216780619,0,0.239346972893149,0,0.00570430135719732,0,0,0.218825808292893,0.0524752246315706,0.0645931592553792,0.00135551966147276,0.0202924601644811,0.233149430351319,0,0.0459047705149174,0.0788872924511968,0,0,0,0.018,0.202698204960334,1.02236183813571
"GSM1480070",0.019804672551552,0,0,0.0415266059009837,0,0.229519868195049,0.0104833156382852,0,0.0220877931204906,0,0.281514252145829,0,0.190453412894262,0,0.0339886601581282,0.0939065737133842,0.000348044326993974,0.00275859361583845,0.073608207739204,0,0,0,0.054,0.149776533924746,1.05168706707719
"GSM1480071",0.011400943771064,0,0,0.0276553093734561,0.0567727587400369,0.0830275617852483,0.0263226320025989,0,0.047572244979271,0,0.248865853696776,0,0.011056101378998,0,0,0.424999197356735,0,0.00439125868908867,0.0275257061282003,0,0,0.0304104320985266,0.367,0.036612020783552,1.10204763951134
"GSM1480072",0,0,0,0.0123162494664838,0,0.16114280624461,0.000396441703384162,0.00674943995469071,0.009812836133519,0,0.0969963563359718,0.163935237635696,0.0396866919257029,0,0.0149311708045403,0.317155651748464,0,0.018018365513297,0.15885875253364,0,0,0,0.017,0.204286977088494,1.02551748640858
"GSM1480073",0.00495786137921839,0.00305952875425813,0,0,0.0451370937486293,0.0586081648537593,0.0167722719541349,0,0.011570680348175,0.0236190000271252,0.177464150706165,0,0.419300499416308,0.107052886259699,0.00269036466793514,0.0341100209785431,0,0.00713907647207054,0.0140407508897821,0,0,0.0744776495441966,0.0590000000000001,0.146209718095967,1.06626617482413
"GSM1480074",0.0182494180643467,0,0,0,0,0.118218190850047,0,0.0195144830575302,0.0114301038818592,0.00533994202067524,0.0105882284098995,0.0363856957149511,0.221969097867008,0,0.0364660780854809,0.386085783843142,0,0.0726356501233779,0.0497226416313977,0,0,0.0133946864502849,0.282,0.0512484949081566,1.08282087996743
"GSM1480075",0.0162102615128471,0,0,0.0511768043769695,0,0.0499454067343384,0.0314734626703115,0,0.00677478007538198,0.00159741183316639,0.207601334733137,0,0.358333506305672,0.0568890381054793,0.0072196292571462,0.0711961944199332,0,0,0.0418249987525768,0,0,0.0997571712230407,0.005,0.28580615342039,0.989485532592048
"GSM1480076",0.0133425794280684,0,0,0.0343566245488324,0,0.249223259319043,0.0151482296659323,0,0.000907218994467703,0,0.152872007696401,0.0139994185649435,0.222399614748336,0,0.0588286405085999,0.195187712904516,0,0,0.0437346936208599,0,0,0,0.00600000000000001,0.280055034415412,0.97530930071053
"GSM1480077",0.00865888522318495,0,0.0056646798024323,0,0,0.2138500380932,0,0,0.0235373991327387,0,0.195166279089399,0.137689572916192,0.0754148748656833,0.0251042035637883,0.0178280224155703,0.107520527628361,0,0.0126199929576669,0.176945524311782,0,0,0,0.012,0.218983611826431,1.02932468715669
"GSM1480078",0.00781843362040378,0,0,0,0,0.232887838208509,0.013995345019,0,0.0214813651743706,0.0353837497660304,0.0779346236984485,0.0292534048293272,0.289146937911936,0,0.0347759603703505,0.150193652756452,0.000119143894753634,0,0.107009544750419,0,0,0,0.00900000000000001,0.233919174402483,0.994549688090434
"GSM1480079",0,0,0.00127862416310951,0.0766557050406484,0,0.366220482227389,0.00632229780721322,0,0,0.0861401087184631,0.0582611111351571,0,0.00805601909785198,0,0.0478539444847701,0.267395444916118,0,0.000712129000613822,0.0811041334086659,0,0,0,0.133,0.09333719817709,1.06592880416566
"GSM1480080",0.00577478784658564,0.00114763395564442,0.00171650709076475,0,0,0.222045411720053,0.0104511270649595,0,0.0304231005923674,0,0.123921187691089,0.101232022921053,0.180125266434702,0.014680601659124,0.00321275793209589,0.178893806677313,0,0.00399643689672931,0.122379351517519,0,0,0,0.052,0.154807580456465,1.03730157320446
"GSM1480081",0.00429561236145236,0.000867842455199251,0,0.035482356337209,0,0.122505631937742,0.0354782165138639,0,0.0288112668752197,0,0.283116662254422,0.0764106583748228,0.0450102682786997,0.0186432413122943,0.0160311478310298,0.179159653641297,0.000210749365725211,0,0.150480769322276,0,0,0.0034959231387475,0.00800000000000001,0.247105277675868,1.01772587613606
"GSM1480082",0.0171470278930752,0,0.000402133180354774,0,0,0.332579023831152,0.0299676120282789,0.00772730319720705,0.0474388121714342,0,0.245013574804398,0,0.0232237170856387,0,0.00691927998381956,0.179805971308015,0,0.0679585411343038,0.0375621446480949,0,0,0.00425485873422751,0.075,0.129956369124566,1.05690445699818
"GSM1480083",0.00403736053637269,0,0.00739701979456067,0.111299143334788,0,0.120818582323931,0.00424908655817306,0.00548381433838501,0.0112588731385484,0,0.197813575505061,0.108603553548484,0.0542133278919214,0,0.0260905134347241,0.247604295111154,0.00133557502081507,0.00152092833732856,0.0982743511257537,0,0,0,0.012,0.218831959559021,1.02773973373293
"GSM1480084",1.85588715076921e-05,0,0,0.0115315588856131,0,0.111930776016166,0.0204466455678925,0,0.0337109209151008,0,0.244071701446591,0.0698518650727229,0.0238135884989335,0,0.0228927563093381,0.316214560853731,0,0.00458997903740747,0.135895216838301,0,0,0.00503187168669468,0.054,0.150878063965922,1.05607938122366
"GSM1480085",0,0,0,0,0,0.242234918218832,0.00174075347411826,0,0.00616362479917246,0,0.207547236041,0.0302003139435204,0.131919297759851,0.00516715402082723,0.0522502774425405,0.173760788257671,0,0,0.124043823839447,0,0,0.0249718122030212,0.04,0.166990705996373,1.03076724890516
"GSM1480086",0.0150738679736371,0,0,0.0458102105266265,0,0.166430907875875,0,0.00092648424689515,0.00203916555281755,0.00647951762699349,0.25517117797785,0.087570233595289,0.199357065189775,0.0351431018977024,0.0364691262171656,0.116550069404825,0,0,0.0329790719145481,0,0,0,0.041,0.16506917731176,1.06325159487569
"GSM1480087",0.00719587834845183,0.000799445140795892,0.00213000636825855,0,0,0.0845739539241984,0.0167907655912433,0,0.0374703696426058,0,0.19326286205706,0.118619216529755,0.139838070536055,0.0168999435960918,0.0255597003993182,0.162809721331449,0.00161242760859817,0,0.189082894493307,0,0,0.00335474443281201,0.00600000000000001,0.271892060805841,0.993658450260471
"GSM1480088",0,0,0,0,0,0.179787912109343,0,0,0.02621883854884,0.00658438115705744,0.141693113979275,0.0232803667123758,0.268483754083242,0.05650501995719,0.0399511007239709,0.120824497376551,0,0,0.101033102303988,0,0,0.0356379130481657,0.049,0.1593757524092,1.0304521432577
"GSM1480089",0.00784737566577904,0.000184589929158748,0.00389564062118707,0,0.0299124220414609,0.103560520065937,0.0340094920545216,0,0.0248457720831874,0.0197441957306258,0.168105790427974,0,0.268188806698415,0,0.0049254664175387,0.107600735318739,0,0.00593489561190565,0.0657492790907347,0,0,0.155495018242836,0.002,0.319399358861642,0.966098682587196
"GSM1480090",0,0,0,0,0,0.275449550053107,0,0,0,0.00379647330799356,0.17128476257672,0.0203183290380636,0.0448780648647447,0,0.032942629491597,0.296284106694539,0,0.0233039907675666,0.128880163496761,0,0,0.00286192970890794,0.054,0.150880738993651,1.03315906411487
