NAME	SYMBOL	TITLE	RANK IN GENE LIST	RANK METRIC SCORE	RUNNING ES	CORE ENRICHMENT	
row_0	CNN1	CNN1	3	0.46213164925575256	0.022063544	Yes	
row_1	MYLK	MYLK	8	0.4272156059741974	0.042395823	Yes	
row_2	RYR3	RYR3	10	0.4233059287071228	0.06269729	Yes	
row_3	KCNE4	KCNE4	26	0.36500564217567444	0.079461984	Yes	
row_4	MYH11	MYH11	37	0.34620633721351624	0.09558472	Yes	
row_5	DES	DES	51	0.3350934088230133	0.11101592	Yes	
row_6	KCNMA1	KCNMA1	75	0.3110639452934265	0.12476777	Yes	
row_7	SGCD	SGCD	77	0.3094997704029083	0.13959709	Yes	
row_8	CACNA1H	CACNA1H	86	0.2998230457305908	0.15359436	Yes	
row_9	CASQ2	CASQ2	93	0.29331734776496887	0.16738361	Yes	
row_10	NMU	NMU	108	0.2837960422039032	0.18029588	Yes	
row_11	SYNM	SYNM	109	0.2810559868812561	0.19380993	Yes	
row_12	PLN	PLN	124	0.26749932765960693	0.20593861	Yes	
row_13	ACTA1	ACTA1	128	0.26513373851776123	0.21852988	Yes	
row_14	CASQ1	CASQ1	132	0.26306772232055664	0.2310218	Yes	
row_15	PTGER3	PTGER3	155	0.2473345845937729	0.24176174	Yes	
row_16	MYOCD	MYOCD	226	0.21568375825881958	0.24846488	Yes	
row_17	SSPN	SSPN	237	0.2110259234905243	0.25808772	Yes	
row_18	OXTR	OXTR	274	0.19938723742961884	0.26578867	Yes	
row_19	DSG2	DSG2	283	0.19648191332817078	0.274817	Yes	
row_20	KCNJ2	KCNJ2	297	0.19097602367401123	0.28331858	Yes	
row_21	KCNN2	KCNN2	310	0.18847684562206268	0.2917524	Yes	
row_22	NPNT	NPNT	343	0.18063925206661224	0.2987615	Yes	
row_23	TPM1	TPM1	347	0.179979607462883	0.30725828	Yes	
row_24	PPP1R12B	PPP1R12B	356	0.17824605107307434	0.31540975	Yes	
row_25	SLMAP	SLMAP	360	0.1772453337907791	0.32377505	Yes	
row_26	MYH2	MYH2	388	0.17186231911182404	0.33062407	Yes	
row_27	TPM4	TPM4	394	0.1699414998292923	0.33853343	Yes	
row_28	TNNI2	TNNI2	410	0.1676885336637497	0.3458105	Yes	
row_29	KCNH2	KCNH2	444	0.16226838529109955	0.35188386	Yes	
row_30	LMOD1	LMOD1	452	0.1614314317703247	0.35927922	Yes	
row_31	ROCK1	ROCK1	465	0.15868765115737915	0.36628067	Yes	
row_32	SMTN	SMTN	489	0.15371021628379822	0.37246647	Yes	
row_33	SCN3B	SCN3B	495	0.15241217613220215	0.37953296	Yes	
row_34	CALD1	CALD1	507	0.15059858560562134	0.38619787	Yes	
row_35	CAV1	CAV1	510	0.1501365453004837	0.3933121	Yes	
row_36	MYH7	MYH7	553	0.14356309175491333	0.39801452	Yes	
row_37	ANXA6	ANXA6	575	0.14139795303344727	0.40371308	Yes	
row_38	MYL9	MYL9	578	0.14119356870651245	0.41039732	Yes	
row_39	ATP1B1	ATP1B1	580	0.14094328880310059	0.41712192	Yes	
row_40	PDE4D	PDE4D	583	0.14082574844360352	0.42378846	Yes	
row_41	ADRA1B	ADRA1B	616	0.1374136507511139	0.4287191	Yes	
row_42	GJA5	GJA5	645	0.13351497054100037	0.4336719	Yes	
row_43	DMPK	DMPK	690	0.12954063713550568	0.43759525	Yes	
row_44	ACE2	ACE2	691	0.12953899800777435	0.44382387	Yes	
row_45	SGCA	SGCA	703	0.12867674231529236	0.44943473	Yes	
row_46	DOCK5	DOCK5	705	0.12856103479862213	0.45556393	Yes	
row_47	TNNT2	TNNT2	706	0.1285061091184616	0.4617429	Yes	
row_48	CACNA1C	CACNA1C	724	0.12703557312488556	0.4669605	Yes	
row_49	SULF1	SULF1	943	0.10860937088727951	0.46076077	Yes	
row_50	ANK2	ANK2	944	0.10842786729335785	0.46597433	Yes	
row_51	TPM2	TPM2	976	0.10648240149021149	0.46947008	Yes	
row_52	ACTA2	ACTA2	985	0.10574676096439362	0.47413558	Yes	
row_53	GSN	GSN	1010	0.10335439443588257	0.4778477	Yes	
row_54	GNAO1	GNAO1	1012	0.10312547534704208	0.4827539	Yes	
row_55	GSTM2	GSTM2	1029	0.10158995538949966	0.48680037	Yes	
row_56	MYL2	MYL2	1106	0.09707444161176682	0.48748603	Yes	
row_57	PRKD1	PRKD1	1125	0.09614001214504242	0.49116564	Yes	
row_58	MYOT	MYOT	1165	0.09384558349847794	0.49363464	Yes	
row_59	KLHL41	KLHL41	1176	0.09328965842723846	0.49759635	Yes	
row_60	MYL1	MYL1	1213	0.09103161096572876	0.50008726	Yes	
row_61	FLNA	FLNA	1261	0.08888237178325653	0.50189847	Yes	
row_62	PIK3CA	PIK3CA	1303	0.08630989491939545	0.5039003	Yes	
row_63	SRF	SRF	1321	0.08551326394081116	0.5071214	Yes	
row_64	EDNRA	EDNRA	1334	0.08504858613014221	0.51058203	Yes	
row_65	HOMER1	HOMER1	1387	0.08307177573442459	0.51185185	Yes	
row_66	SULF2	SULF2	1740	0.06946990638971329	0.49674934	No	
row_67	ASPH	ASPH	1792	0.06778915971517563	0.49733675	No	
row_68	TRIM63	TRIM63	1796	0.06769241392612457	0.50043446	No	
row_69	LARGE1	LARGE1	1839	0.06617982685565948	0.50141597	No	
row_70	CACNB2	CACNB2	1911	0.06440338492393494	0.5007927	No	
row_71	MYOF	MYOF	1928	0.06384047865867615	0.50302404	No	
row_72	FGF13	FGF13	1958	0.0629032552242279	0.5045292	No	
row_73	PIK3C2A	PIK3C2A	1979	0.062320463359355927	0.5064779	No	
row_74	TNNC1	TNNC1	2044	0.060475368052721024	0.50603247	No	
row_75	DTNA	DTNA	2211	0.05646636709570885	0.50005007	No	
row_76	VPS54	VPS54	2295	0.054450370371341705	0.49831948	No	
row_77	TCAP	TCAP	2345	0.053525228053331375	0.4983258	No	
row_78	DSC2	DSC2	2502	0.049866609275341034	0.49255002	No	
row_79	ACTN3	ACTN3	2509	0.049723926931619644	0.49462652	No	
row_80	MYH13	MYH13	2512	0.04963400587439537	0.4969083	No	
row_81	KCNE1	KCNE1	2533	0.04921208694577217	0.49822667	No	
row_82	ABCC9	ABCC9	2587	0.04826810583472252	0.49777067	No	
row_83	KCNJ8	KCNJ8	2661	0.04706108197569847	0.4962087	No	
row_84	PPP1R13L	PPP1R13L	2890	0.04299752414226532	0.48633024	No	
row_85	CTTN	CTTN	2913	0.04258333146572113	0.4872251	No	
row_86	CALM1	CALM1	2953	0.04189793020486832	0.4871963	No	
row_87	SMPX	SMPX	2954	0.041891179978847504	0.48921055	No	
row_88	SETD3	SETD3	3118	0.03952521085739136	0.48257077	No	
row_89	SCN4B	SCN4B	3277	0.0376213975250721	0.4761014	No	
row_90	KCND3	KCND3	3280	0.03759225457906723	0.47780415	No	
row_91	TNNT1	TNNT1	3325	0.03702318295836449	0.477279	No	
row_92	ATP2A2	ATP2A2	3339	0.03684256598353386	0.47836939	No	
row_93	CAMK2D	CAMK2D	3381	0.03628658875823021	0.47796598	No	
row_94	SMAD7	SMAD7	3415	0.03588128462433815	0.47796223	No	
row_95	GAMT	GAMT	3607	0.033420708030462265	0.46956187	No	
row_96	DMD	DMD	3641	0.033047378063201904	0.4694219	No	
row_97	STAC	STAC	3651	0.032954007387161255	0.47053486	No	
row_98	RAP1GDS1	RAP1GDS1	3738	0.03197379782795906	0.46756634	No	
row_99	PKP2	PKP2	3764	0.03168008476495743	0.46777976	No	
row_100	TMOD3	TMOD3	3977	0.029169371351599693	0.4580747	No	
row_101	PDE5A	PDE5A	4149	0.027570808306336403	0.45044094	No	
row_102	CHRNB1	CHRNB1	4153	0.027529902756214142	0.45160747	No	
row_103	CACNA2D1	CACNA2D1	4187	0.027192959561944008	0.45118597	No	
row_104	UCN	UCN	4220	0.026866475120186806	0.4508012	No	
row_105	DSP	DSP	4278	0.02632373571395874	0.44908044	No	
row_106	GPD1L	GPD1L	4453	0.024415351450443268	0.44113776	No	
row_107	UTS2	UTS2	4469	0.024306785315275192	0.4415206	No	
row_108	SMAD5	SMAD5	4470	0.024301989004015923	0.44268912	No	
row_109	NEDD4L	NEDD4L	4478	0.024243313819169998	0.44348803	No	
row_110	TMOD1	TMOD1	4558	0.02357214316725731	0.44048232	No	
row_111	SCN9A	SCN9A	4619	0.02289755269885063	0.43843964	No	
row_112	TACR2	TACR2	4630	0.022722875699400902	0.43900827	No	
row_113	P2RX6	P2RX6	4683	0.022297628223896027	0.4373559	No	
row_114	MAP2K6	MAP2K6	4724	0.021879663690924644	0.43631217	No	
row_115	MKKS	MKKS	4736	0.021804792806506157	0.43678427	No	
row_116	MYLK2	MYLK2	4753	0.021668845787644386	0.43698785	No	
row_117	HRC	HRC	4878	0.020699022337794304	0.43148622	No	
row_118	C12orf57	C12orf57	4987	0.019903844222426414	0.42678466	No	
row_119	CALM3	CALM3	5013	0.019716762006282806	0.42642283	No	
row_120	CRYAB	CRYAB	5081	0.019154025241732597	0.4238334	No	
row_121	HTR7	HTR7	5403	0.01677607372403145	0.40782145	No	
row_122	VEGFB	VEGFB	5459	0.016441740095615387	0.4057303	No	
row_123	RYR2	RYR2	5504	0.016237536445260048	0.4042057	No	
row_124	MYH1	MYH1	5517	0.016146594658493996	0.40435335	No	
row_125	SCN7A	SCN7A	5530	0.016091572120785713	0.40449837	No	
row_126	SUMO1	SUMO1	5540	0.016022341325879097	0.40479723	No	
row_127	ENO1	ENO1	5565	0.01590624265372753	0.40430456	No	
row_128	CHRNE	CHRNE	5685	0.015153623186051846	0.39879826	No	
row_129	RHOA	RHOA	5760	0.01468312181532383	0.39562708	No	
row_130	CHUK	CHUK	5831	0.014282350428402424	0.39264622	No	
row_131	HTR2A	HTR2A	5916	0.013728847727179527	0.38890523	No	
row_132	TRPM4	TRPM4	5982	0.013294615782797337	0.38613883	No	
row_133	ADRB2	ADRB2	6000	0.013130152598023415	0.38587946	No	
row_134	CHRNG	CHRNG	6008	0.013076500967144966	0.38614145	No	
row_135	ZDHHC21	ZDHHC21	6023	0.013014711439609528	0.3860337	No	
row_136	KCNIP2	KCNIP2	6179	0.012185342609882355	0.3784985	No	
row_137	HSP90AA1	HSP90AA1	6186	0.012156288139522076	0.37876865	No	
row_138	KBTBD13	KBTBD13	6190	0.01211436465382576	0.37919396	No	
row_139	CALM2	CALM2	6212	0.012011069804430008	0.3786712	No	
row_140	SCN2B	SCN2B	6362	0.011258898302912712	0.37140578	No	
row_141	SCNN1B	SCNN1B	6397	0.011036602780222893	0.37015507	No	
row_142	MYL6	MYL6	6442	0.01081960741430521	0.36836994	No	
row_143	TNNI3K	TNNI3K	6513	0.010447308421134949	0.36520466	No	
row_144	RYR1	RYR1	6534	0.01032036542892456	0.36465302	No	
row_145	KCNQ1	KCNQ1	6709	0.00955083779990673	0.35599563	No	
row_146	TBX20	TBX20	6779	0.009225061163306236	0.35282397	No	
row_147	NR4A1	NR4A1	6792	0.009149245917797089	0.35263517	No	
row_148	COMP	COMP	6828	0.009012121707201004	0.3512347	No	
row_149	CACNG1	CACNG1	6930	0.008515845984220505	0.34635234	No	
row_150	SCN8A	SCN8A	7096	0.007789162918925285	0.33808178	No	
row_151	TMOD2	TMOD2	7172	0.007428161334246397	0.33450937	No	
row_152	GRK2	GRK2	7458	0.006224839016795158	0.31987625	No	
row_153	ATP2B4	ATP2B4	7517	0.006011647637933493	0.31712645	No	
row_154	CHRNA1	CHRNA1	7631	0.005630622152239084	0.31147662	No	
row_155	KIT	KIT	7752	0.005153606180101633	0.3054371	No	
row_156	TTN	TTN	7924	0.004543424118310213	0.2966961	No	
row_157	ALDOA	ALDOA	7932	0.004505094140768051	0.29654595	No	
row_158	NKX2-5	NKX2-5	7938	0.004493882413953543	0.29650006	No	
row_159	PRKG1	PRKG1	7962	0.004363450221717358	0.2955048	No	
row_160	P2RX2	P2RX2	7980	0.004322121851146221	0.29482192	No	
row_161	GPER1	GPER1	7984	0.004304078873246908	0.2948717	No	
row_162	HTR1D	HTR1D	7987	0.004289326723664999	0.29497313	No	
row_163	MYL6B	MYL6B	8005	0.004221740644425154	0.29428542	No	
row_164	TNNI3	TNNI3	8020	0.004160802345722914	0.29375196	No	
row_165	CLCN1	CLCN1	8074	0.003946037497371435	0.2911648	No	
row_166	DLG1	DLG1	8098	0.003852765541523695	0.29014498	No	
row_167	TNNC2	TNNC2	8153	0.003643896896392107	0.2874909	No	
row_168	PGAM2	PGAM2	8175	0.0035452968440949917	0.28656107	No	
row_169	ADORA2B	ADORA2B	8184	0.0035174216609448195	0.28631106	No	
row_170	MYH8	MYH8	8208	0.0034611024893820286	0.2852724	No	
row_171	EDN3	EDN3	8334	0.003044664394110441	0.27886948	No	
row_172	TNNI1	TNNI1	8526	0.0022784327156841755	0.2689717	No	
row_173	RANGRF	RANGRF	8546	0.002195685636252165	0.26808178	No	
row_174	ADORA1	ADORA1	8606	0.00197863788343966	0.26508567	No	
row_175	CSRP3	CSRP3	8689	0.0016431169351562858	0.2608683	No	
row_176	APBB1	APBB1	8710	0.0015247865812852979	0.25989375	No	
row_177	CACNB1	CACNB1	8790	0.0012839070986956358	0.25581634	No	
row_178	ATP1A1	ATP1A1	8945	7.668836624361575E-4	0.24778447	No	
row_179	RPS6KB1	RPS6KB1	9032	4.243158909957856E-4	0.24329895	No	
row_180	NOS1	NOS1	9060	3.3898468245752156E-4	0.2419006	No	
row_181	CALCA	CALCA	9239	-2.020911779254675E-4	0.2325841	No	
row_182	GJC1	GJC1	9274	-3.1101430067792535E-4	0.23081765	No	
row_183	SRI	SRI	9358	-5.376631743274629E-4	0.22649476	No	
row_184	ADRA2A	ADRA2A	9368	-5.780048668384552E-4	0.226051	No	
row_185	CACNA1S	CACNA1S	9559	-0.001265273429453373	0.2161569	No	
row_186	CHRM3	CHRM3	9635	-0.00154559884686023	0.21230164	No	
row_187	DOCK4	DOCK4	9640	-0.0015668817795813084	0.2121674	No	
row_188	EHD3	EHD3	9734	-0.0019378940341994166	0.2073879	No	
row_189	ROCK2	ROCK2	9798	-0.0021432670764625072	0.2041901	No	
row_190	P2RX3	P2RX3	9949	-0.0026156294625252485	0.1964567	No	
row_191	SCN10A	SCN10A	9951	-0.002640944207087159	0.1965313	No	
row_192	DRD2	DRD2	10001	-0.0028345794416964054	0.19410026	No	
row_193	ADCY10	ADCY10	10026	-0.0028921361081302166	0.19298187	No	
row_194	GHSR	GHSR	10052	-0.002971913432702422	0.1918149	No	
row_195	EDNRB	EDNRB	10190	-0.003499977057799697	0.18480515	No	
row_196	SLC8A1	SLC8A1	10219	-0.003603039076551795	0.18351136	No	
row_197	CHRNB2	CHRNB2	10220	-0.003604405326768756	0.18368466	No	
row_198	LMOD2	LMOD2	10233	-0.0036425096914172173	0.18323107	No	
row_199	TACR1	TACR1	10283	-0.0038506987038999796	0.18084891	No	
row_200	GATA4	GATA4	10403	-0.0042946795001626015	0.17482047	No	
row_201	CHRND	CHRND	10422	-0.0043536219745874405	0.1740867	No	
row_202	SCN5A	SCN5A	10464	-0.004506268538534641	0.17215522	No	
row_203	NUP155	NUP155	10468	-0.004526175558567047	0.17221566	No	
row_204	UTRN	UTRN	10501	-0.004607242997735739	0.17076057	No	
row_205	CHRM2	CHRM2	10558	-0.00485644955188036	0.16805999	No	
row_206	PABPN1	PABPN1	10563	-0.004875191021710634	0.16808483	No	
row_207	RGS2	RGS2	10681	-0.005332227796316147	0.16221108	No	
row_208	CTNNA3	CTNNA3	10737	-0.005533253774046898	0.15959543	No	
row_209	DAPK3	DAPK3	10747	-0.005577931180596352	0.15939209	No	
row_210	AKAP9	AKAP9	10760	-0.005610986612737179	0.15903315	No	
row_211	TMEM38A	TMEM38A	10800	-0.0057548945769667625	0.15726648	No	
row_212	KCNB2	KCNB2	10842	-0.005906637292355299	0.15540232	No	
row_213	ATP2A1	ATP2A1	10927	-0.0061991531401872635	0.15129927	No	
row_214	TIFAB	TIFAB	11024	-0.006533019710332155	0.14658353	No	
row_215	CAV3	CAV3	11042	-0.00660204840824008	0.14601026	No	
row_216	NPPA	NPPA	11051	-0.0066409846767783165	0.14591043	No	
row_217	SOD1	SOD1	11413	-0.008098454214632511	0.12738544	No	
row_218	KCNA1	KCNA1	11474	-0.008344024419784546	0.12464298	No	
row_219	SLC8A3	SLC8A3	11542	-0.00860987976193428	0.121546544	No	
row_220	GDNF	GDNF	11608	-0.008882100693881512	0.11856799	No	
row_221	SCN3A	SCN3A	11672	-0.0091090714558959	0.11570513	No	
row_222	ANKRD2	ANKRD2	11683	-0.009147437289357185	0.11562102	No	
row_223	BIN1	BIN1	11687	-0.009154856204986572	0.11590403	No	
row_224	TRPV4	TRPV4	11798	-0.009598501957952976	0.11060217	No	
row_225	GALR2	GALR2	11840	-0.00982867181301117	0.108926594	No	
row_226	BBS2	BBS2	11889	-0.010026690550148487	0.10689378	No	
row_227	EMD	EMD	11975	-0.010381674394011497	0.102939434	No	
row_228	ADRA1A	ADRA1A	11984	-0.010419324040412903	0.10302127	No	
row_229	BDKRB2	BDKRB2	12009	-0.010510978288948536	0.10226921	No	
row_230	MYH3	MYH3	12035	-0.010627434588968754	0.101470344	No	
row_231	SCN11A	SCN11A	12094	-0.010922514833509922	0.09895666	No	
row_232	SCN2A	SCN2A	12249	-0.011605908162891865	0.09144597	No	
row_233	NMUR1	NMUR1	12271	-0.011709124781191349	0.09090869	No	
row_234	F2R	F2R	12327	-0.011937394738197327	0.088600986	No	
row_235	BMP10	BMP10	12350	-0.012136206030845642	0.08803186	No	
row_236	GLRA1	GLRA1	12543	-0.013120793737471104	0.078603014	No	
row_237	DRD1	DRD1	12620	-0.013509322889149189	0.07527061	No	
row_238	MYL5	MYL5	12687	-0.013901644386351109	0.072481014	No	
row_239	CACNA1D	CACNA1D	12712	-0.01407440472394228	0.071900286	No	
row_240	TRDN	TRDN	12787	-0.014515138231217861	0.06872103	No	
row_241	ATP2B1	ATP2B1	12827	-0.014710786752402782	0.06738499	No	
row_242	KCNJ12	KCNJ12	12870	-0.01494077779352665	0.06590282	No	
row_243	SCN1A	SCN1A	12940	-0.015371968038380146	0.06302674	No	
row_244	NEUROG1	NEUROG1	13103	-0.016177820041775703	0.05531672	No	
row_245	ASB3	ASB3	13310	-0.017514878883957863	0.04536564	No	
row_246	EDN2	EDN2	13504	-0.018807586282491684	0.036157843	No	
row_247	KCNJ3	KCNJ3	13625	-0.019694840535521507	0.030817501	No	
row_248	ATP1A2	ATP1A2	13636	-0.019738223403692245	0.031242631	No	
row_249	ARG2	ARG2	13757	-0.020461328327655792	0.025939146	No	
row_250	REM1	REM1	13803	-0.020757434889674187	0.024579478	No	
row_251	TPM3	TPM3	13844	-0.021055296063423157	0.023496104	No	
row_252	CHRNA3	CHRNA3	13919	-0.021611949428915977	0.020658087	No	
row_253	KCNE2	KCNE2	13999	-0.02212195098400116	0.01758262	No	
row_254	ORMDL3	ORMDL3	14019	-0.022239921614527702	0.01765649	No	
row_255	GSTO1	GSTO1	14048	-0.02245740033686161	0.017269269	No	
row_256	MYH14	MYH14	14089	-0.02268332429230213	0.016264176	No	
row_257	JUP	JUP	14116	-0.022858113050460815	0.01600101	No	
row_258	ADA	ADA	14143	-0.02306951954960823	0.01574801	No	
row_259	RNF207	RNF207	14145	-0.02309463545680046	0.016806077	No	
row_260	SPX	SPX	14176	-0.023347709327936172	0.016356874	No	
row_261	SNTB1	SNTB1	14227	-0.02373732626438141	0.014878518	No	
row_262	SNTA1	SNTA1	14246	-0.023879170417785645	0.015083603	No	
row_263	GJA1	GJA1	14281	-0.024147527292370796	0.014463281	No	
row_264	MTOR	MTOR	14343	-0.02468794956803322	0.012454295	No	
row_265	STAC3	STAC3	14402	-0.025180527940392494	0.010626175	No	
row_266	MYL3	MYL3	14487	-0.025824720039963722	0.0074667768	No	
row_267	PRKACA	PRKACA	14502	-0.025894664227962494	0.007978351	No	
row_268	KCNE3	KCNE3	14521	-0.026033885776996613	0.008287041	No	
row_269	FGF12	FGF12	14636	-0.027081448584794998	0.0036162373	No	
row_270	EDN1	EDN1	14736	-0.027850184589624405	-2.316874E-4	No	
row_271	GAA	GAA	14747	-0.027922634035348892	5.869754E-4	No	
row_272	APBB2	APBB2	14789	-0.028210382908582687	-2.0475309E-4	No	
row_273	STC1	STC1	14873	-0.02891826257109642	-0.0031630103	No	
row_274	CACNA1G	CACNA1G	14878	-0.029023773968219757	-0.0019770348	No	
row_275	TACR3	TACR3	14897	-0.02914980985224247	-0.0015185209	No	
row_276	ARHGEF11	ARHGEF11	14957	-0.029810909181833267	-0.0031763907	No	
row_277	GRIP2	GRIP2	15096	-0.031276505440473557	-0.00890295	No	
row_278	SSTR2	SSTR2	15102	-0.031328193843364716	-0.007658565	No	
row_279	TRPV1	TRPV1	15265	-0.03288396820425987	-0.014565298	No	
row_280	ADRA2C	ADRA2C	15281	-0.03303711488842964	-0.013762687	No	
row_281	TMOD4	TMOD4	15347	-0.033724814653396606	-0.015546732	No	
row_282	CLIC2	CLIC2	15417	-0.034365467727184296	-0.017509548	No	
row_283	KCNA5	KCNA5	15457	-0.03484557196497917	-0.017877446	No	
row_284	FKBP1B	FKBP1B	15663	-0.03686808794736862	-0.026845573	No	
row_285	KCNJ5	KCNJ5	15920	-0.039715807884931564	-0.038348883	No	
row_286	PIK3CG	PIK3CG	15967	-0.04023691639304161	-0.038824312	No	
row_287	SPHK1	SPHK1	16125	-0.04234234243631363	-0.045014285	No	
row_288	HCN4	HCN4	16141	-0.042490195482969284	-0.04375714	No	
row_289	SCN1B	SCN1B	16265	-0.044427406042814255	-0.048065446	No	
row_290	FXYD1	FXYD1	16309	-0.04496890679001808	-0.048156165	No	
row_291	JSRP1	JSRP1	16454	-0.047040194272994995	-0.05343912	No	
row_292	ITGA2	ITGA2	16490	-0.04756266996264458	-0.052985966	No	
row_293	MAP2K3	MAP2K3	16506	-0.047879885882139206	-0.05146967	No	
row_294	MYH6	MYH6	16641	-0.049642883241176605	-0.05610354	No	
row_295	CD38	CD38	16644	-0.04966229945421219	-0.05382041	No	
row_296	CXCR4	CXCR4	16879	-0.05339078977704048	-0.06351351	No	
row_297	KCNE5	KCNE5	16880	-0.05343714728951454	-0.060944084	No	
row_298	PDE4B	PDE4B	16886	-0.05354288965463638	-0.058631547	No	
row_299	RCSD1	RCSD1	17096	-0.05724237859249115	-0.06682959	No	
row_300	SLC9A1	SLC9A1	17097	-0.05725577473640442	-0.06407656	No	
row_301	OXT	OXT	17159	-0.05846821516752243	-0.06446128	No	
row_302	NOS1AP	NOS1AP	17198	-0.05926016718149185	-0.06360286	No	
row_303	DCANP1	DCANP1	17263	-0.06047050282359123	-0.06404849	No	
row_304	NMUR2	NMUR2	17316	-0.061215903609991074	-0.06382955	No	
row_305	ABAT	ABAT	17385	-0.062326036393642426	-0.06439554	No	
row_306	TBXA2R	TBXA2R	17446	-0.06343065202236176	-0.06448926	No	
row_307	TBX2	TBX2	17501	-0.06451630592346191	-0.06421642	No	
row_308	LMOD3	LMOD3	17516	-0.06508174538612366	-0.061820604	No	
row_309	SCN4A	SCN4A	17597	-0.06685592234134674	-0.06279752	No	
row_310	ADRA2B	ADRA2B	17637	-0.06775466352701187	-0.061583046	No	
row_311	FKBP1A	FKBP1A	17697	-0.0693407654762268	-0.061340198	No	
row_312	TMEM38B	TMEM38B	17899	-0.07491451501846313	-0.06826936	No	
row_313	CHGA	CHGA	17991	-0.07801848649978638	-0.06928588	No	
row_314	PTGS2	PTGS2	18042	-0.07946879416704178	-0.06808449	No	
row_315	FKRP	FKRP	18069	-0.08021245896816254	-0.06558988	No	
row_316	TPCN2	TPCN2	18070	-0.08032310009002686	-0.061727695	No	
row_317	GHRL	GHRL	18294	-0.08806848526000977	-0.06917705	No	
row_318	MYOM2	MYOM2	18391	-0.09264136850833893	-0.069752425	No	
row_319	ATP8A2	ATP8A2	18415	-0.09353670477867126	-0.06645996	No	
row_320	P2RX1	P2RX1	18463	-0.09575169533491135	-0.06431846	No	
row_321	LTB4R	LTB4R	18505	-0.09784765541553497	-0.06176181	No	
row_322	PROK2	PROK2	18577	-0.1024128794670105	-0.06055749	No	
row_323	MYL4	MYL4	18637	-0.10552362352609634	-0.058574855	No	
row_324	HTR2B	HTR2B	18721	-0.11106321215629578	-0.05758333	No	
row_325	MYH4	MYH4	18773	-0.11504809558391571	-0.054723572	No	
row_326	ZC3H12A	ZC3H12A	18810	-0.11738210171461105	-0.050965674	No	
row_327	PTAFR	PTAFR	19010	-0.13627639412879944	-0.054839574	No	
row_328	CKMT2	CKMT2	19055	-0.14172446727752686	-0.050330374	No	
row_329	TBX3	TBX3	19084	-0.14538176357746124	-0.04480701	No	
row_330	TNF	TNF	19137	-0.15177491307258606	-0.04023371	No	
row_331	STAC2	STAC2	19151	-0.15343667566776276	-0.033537127	No	
row_332	TNNT3	TNNT3	19202	-0.16318930685520172	-0.028310196	No	
row_333	MYBPH	MYBPH	19243	-0.17347685992717743	-0.022064667	No	
row_334	SLC6A8	SLC6A8	19266	-0.17835000157356262	-0.014641722	No	
row_335	MYBPC3	MYBPC3	19379	-0.22392792999744415	-0.009742745	No	
row_336	KCND2	KCND2	19405	-0.2483859807252884	8.905645E-4	No	
